{
   "emotion":{
      "anger":0.143198,
      "joy":0.526753,
      "sadness":0.537889,
      "fear":0.128797,
      "disgust":0.080995
   }
}
